model,accuracy_mean,accuracy_std,kappa_mean,kappa_std,subject_probe_acc,notes
"EEGNet (per-subject, calibrated)",0.5868,0.1678,0.4491,0.2237,,uses target-subject calibration data; not directly comparable to zero-shot rows
MAE-only (zero-shot),0.2784,0.0229,0.0378,0.0306,0.0797,"LOSO on BCI-IV 2a; encoder frozen, linear head only"
MAE+GRL (zero-shot),0.2747,0.0276,0.0329,0.0368,0.0807,"LOSO on BCI-IV 2a; encoder frozen, linear head only; GRL on CLS token only"
MAE+CLUB+SCIN+VIB (zero-shot),0.2667824074074074,0.02350705556896979,0.02237654320987654,0.0313427407586264,0.06361724500525763,"LOSO on BCI-IV 2a; encoder frozen, MLP head ensembled x5 (100 epochs each); SCIN+CLUB+VIB+time-warp/channel-dropout augmentation; 300 epochs pretraining"
MAE+EA (zero-shot),0.2586805555555556,0.01779925520744178,0.01157407407407407,0.023732340276589027,,"LOSO on BCI-IV 2a; Euclidean Alignment applied per-subject (unsupervised) to both PhysioNet pretraining and BNCI zero-shot data; encoder frozen, linear head only"
EA + CSP(8) + shrinkage LDA,0.4517746913580247,0.11929097191974625,0.2690329218106996,0.15905462922632835,,Zero-shot LOSO on BCI-IV 2a; Euclidean Alignment per-subject (unsupervised) applied to both source pool and held-out subject
EA + CSP(8) + SVM (RBF),0.4461805555555556,0.10263795961757112,0.26157407407407407,0.13685061282342814,,Zero-shot LOSO on BCI-IV 2a; Euclidean Alignment per-subject (unsupervised) applied to both source pool and held-out subject
"EA + FBCSP(5 bands, 4 comp each) + SVM (RBF)",0.3946759259259259,0.11128879985692165,0.1929012345679012,0.14838506647589553,,Zero-shot LOSO on BCI-IV 2a; Euclidean Alignment per-subject (unsupervised) applied to both source pool and held-out subject
EA + Covariances(lwf) + MDM,0.4380787037037037,0.10966397012051221,0.2507716049382716,0.1462186268273496,,"Zero-shot LOSO on BCI-IV 2a, pyriemann-based, EA per-subject"
EA + Covariances(lwf) + FgMDM,0.474537037037037,0.1341594456559454,0.2993827160493827,0.17887926087459388,,"Zero-shot LOSO on BCI-IV 2a, pyriemann-based, EA per-subject"
Per-class EA (source) + TS + shrinkage LDA,0.25405092592592593,0.03373400843006869,0.005401234567901265,0.044978677906758247,,"Zero-shot LOSO on BCI-IV 2a, pyriemann-based, EA per-subject"
Band ensemble (mu+beta) TS+LR+EA,0.45370370370370366,0.12044546713696151,0.2716049382716049,0.16059395618261538,,"Zero-shot LOSO on BCI-IV 2a, pyriemann-based, EA per-subject"
Riemannian Transformer v1 (zero-shot),0.4340277777777778,0.1032528071756083,0.24537037037037038,0.13767040956747773,,"LOSO on BCI-IV 2a; EA + Covariances(lwf) + TangentSpace(fit on source only) + frozen 4-layer transformer encoder (1 trial = 1 token, pretrained on PhysioNet, 3 classes) + MLP head"
"Riemannian Transformer v2 (trial-attention, zero-shot)",0.423804012345679,0.10019246299052746,0.23173868312757198,0.13358995065403662,,"LOSO on BCI-IV 2a; EA + Covariances(lwf) + TangentSpace(fit on source only) + frozen 6-layer ReZero-gated trial-attention transformer (N=32 trials/forward pass, pretrained on PhysioNet, 3 classes) + MLP head; fixes an initialization-time token-collapse bug found in v1's architecture (verified via smoke test) but does not improve zero-shot accuracy over v1"
Riemannian Transformer v2 + subject-similarity-weighted source (zero-shot),0.4215,0.1095,0.2287,0.1460,,Same frozen v2 encoder as above; MLP head trained with per-source-subject sample weights from unsupervised Riemannian distance between mean covariances (target-closest source subjects up-weighted). No improvement over unweighted v2; subject 2 (the chronic worst-case subject across every method in this project) got slightly worse (26.74% vs 29.34%)
Soft-vote ensemble (FgMDM + Riemannian Transformer v2),0.4144,0.1046,0.2191,0.1394,,"Equal-weight probability average of FgMDM and RT v2 per trial. Negative: lands at RT v2's level, not FgMDM's -- weight sweep from 1:1 to 10:1 (FgMDM:RTv2) tops out at 42.71%, still below FgMDM alone (47.45%); RT v2's errors dilute FgMDM's correct calls rather than adding complementary signal"
"MEKT-lite (JDA, k=100, 5 iterations)",0.4626,0.1124,0.2834,0.1498,,"Zero-shot LOSO on BCI-IV 2a; EA + Covariances(lwf) + TangentSpace(fit on source only), then Joint Distribution Adaptation (Long et al. 2013 / Zhang & Wu 2020 MEKT) -- linear transform jointly minimizing marginal + per-class MMD using iteratively-refined target pseudo-labels (transductive, no true target labels used). First method in this project to cross 30% on subject 2 (30.73%, vs previous best 29.34%); overall mean slightly below FgMDM (46.26% vs 47.45%)"
Soft-vote ensemble (FgMDM + MEKT-lite),0.4624,0.1153,,,,"Equal-weight probability average of FgMDM and MEKT-lite (both non-learned, geometry-based, but different mechanisms). Still does not beat FgMDM alone (46.24% vs 47.45%) -- essentially a wash with MEKT alone, so FgMDM's standalone strength is not being usefully combined with MEKT's subject-2 gain"
"MEKT-lite (JDA, k=50, lam=1.0, 5 iterations)",0.4838,0.1343,0.3117,0.1790,,"Same JDA/MEKT method as above with hyperparameters tuned via CPU sweep (k in {50,100,150,200}, lam in {0.1,1,10}, n_iter in {2,5,10}). Beats FgMDM (47.45%) and every other method tried in this project. Subject 3 hit 70.83%, the highest any subject has scored zero-shot; subject 2 at 29.86%"
"MEKT-lite (JDA, k=50, lam=1.0, 20 iterations) -- BEST RESULT",0.4848,0.1349,0.3130,0.1799,,"Full 36-config grid search (k in {10,20,50,100} x lam in {0.5,1,2} x n_iter in {5,10,20}), confirming k=50 as a clear local optimum (k=10/20/100 all underperform by a wide margin) but lam/n_iter barely matter within it -- entire top-5 band spans only 0.14pp (48.34-48.48%), i.e. a plateau, not a direction with further headroom. Subject 3 hit a new record 71.18%; does not cross 50%"
"Learned stacked ensemble (FgMDM + MEKT-lite, logistic-regression meta-classifier)",0.4830,0.1329,0.3107,0.1772,,"Meta-classifier trained on FgMDM+MEKT probabilities via leak-free inner LOSO over source subjects (no target labels used). Still does not beat MEKT alone (48.30% vs 48.38%) -- FgMDM's errors are too correlated with MEKT's to add complementary signal even with learned combination weights, not just fixed averaging"
SPDNet (zero-shot),0.4411651234567901,0.12205146328427967,0.2548868312757202,0.16273528437903959,,"LOSO on BCI-IV 2a; EA + Covariances(lwf) + frozen SPDNet encoder (BiMap/ReEig/LogEig, dims 22->16->10, pretrained on PhysioNet, 3 classes; stays on SPD manifold throughout, no tangent-space flattening until the final LogEig layer) + MLP head. Below FgMDM and MEKT; subject 2 kappa is negative (worse than chance) -- staying on-manifold end-to-end did not turn out to be the missing ingredient"
"Learned stacked ensemble (FgMDM + MEKT-lite + SPDNet, 3-way)",0.4842,0.1372,0.3122,0.1829,,"Same leak-free inner-LOSO meta-classifier approach as the 2-way stacked ensemble, extended with SPDNet's frozen-encoder probabilities as a third input block. Essentially tied with MEKT alone (48.42% vs 48.38%, a 0.04pp difference within noise) -- SPDNet's individual weakness (44.12%) limits how much net value a learned combiner can extract even though it helped subjects 1/3/4/7 individually; subject 3 hit a new record 72.22%"
Unsupervised per-target method selection (nearest-subject-by-covariance lookup),0.4709,0.1433,0.2945,0.1911,,"For each held-out subject, find the geometrically closest OTHER subject (unsupervised Riemannian distance between EA-aligned mean covariances, no labels), use whichever of {FgMDM,MEKT,SPDNet,RT-v2} scored best on THAT subject's own LOSO fold. Underperforms just always using MEKT (47.09% vs 48.48%) -- geometric closeness is not a reliable predictor of which method wins with only 8 candidate neighbors. Oracle upper bound (impossible in practice: best method per subject with full knowledge of true accuracy) is only 49.31% -- barely above MEKT alone, showing this 4-method pool has little complementary headroom left to exploit"
"PhysionetMI internal zero-shot LOSO -- FgMDM + EA (30 random subjects, seed=42)",0.4613,0.1241,0.1924,0.1860,,"Same FgMDM+EA method as the BCI-IV 2a experiments, but LOSO evaluated WITHIN PhysionetMI itself (30-subject random sample) instead of using PhysionetMI only as an upstream pretraining source. Tests whether a larger subject pool (vs BCI-IV 2a's 9) averages out BCI illiteracy. Result: 46.13%, essentially flat vs BCI-IV 2a's FgMDM (47.45%, -1.3pp) -- PhysioNet's noisier per-subject recordings offset the larger-N benefit. 2/30 (6.7%) subjects below 30% accuracy"
"PhysionetMI internal zero-shot LOSO -- MEKT-lite k=50/lam=1/20iter (30 random subjects, seed=42)",0.4955,0.1252,0.2436,0.1873,,"Same tuned MEKT config as the BCI-IV 2a best result, LOSO evaluated within PhysionetMI (30-subject sample). Modest +1.1pp gain over BCI-IV 2a's MEKT (48.48% -> 49.55%), but nowhere near the 52-58% hoped-for range -- the larger-population hypothesis only partially holds. 3/30 (10%) subjects below 30% accuracy, proportionally similar to BCI-IV 2a's 1/9 (11%). Neither this nor FgMDM crossed 55%, so the 3-way-ensemble step was skipped per protocol (and would have been invalid anyway: SPDNet/RT-v2 were pretrained on all 109 PhysionetMI subjects, overlapping with this eval set)"
"MEKT-lite (k=50,lam=1.0,20iter) with tmin=0.3/tmax=2.5 window",0.5039,0.1443,0.3385,0.1924,,"Every prior experiment in this project used the same tmin=0/tmax=3 window (seconds relative to cue onset), never questioned. A window sweep found tmin=0.3/tmax=2.5 (skipping the ERD onset transient, cutting 0.5s earlier) beats the default by ~2pp with the SAME method and SAME hyperparameters -- a free preprocessing gain, not a new algorithm. First result in the project to cross 50%. Subject 3 hit a new record 76.04%; subject 2 also improved to its best-ever 32.12%. Nearby windows (0.5/2.0=49.05%, 0.5/2.5=50.17%, 0.5/3.0=49.27%) confirm this is a real, robust effect (virtually every subject improved simultaneously), not noise from a single lucky config"
"Multi-window MEKT ensemble (soft-vote across 4 windows: 0.3/2.5, 0.5/2.5, 0.5/2.0, 0.5/3.0) -- BEST RESULT",0.5116,0.1474,0.3488,0.1965,,"Same MEKT-lite (k=50,lam=1,10-20iter) run independently on 4 different time windows (each individually 49.1-50.4%), soft-vote averaged probabilities. First result to cross 51%, beating the single-best window by 0.75pp. Unlike every earlier ensemble attempt (FgMDM+RTv2, FgMDM+MEKT, 3-way stacked -- all of which failed or washed out), this one works because all 4 inputs are the SAME strong method seeing different time slices of the same signal, so errors are less correlated than combining a strong method with a structurally weaker one. Subject 3 hit 76.74%, subject 8 hit 67.88%, both new records"
"MEKT frequency-band restriction (mu-only/beta-only/mu+beta-concatenated, tmin=0.3/tmax=2.5)",0.4647,0.1398,0.2863,,,"Tested whether narrowing to mu (8-12Hz), beta (16-24Hz), or both concatenated improves on broadband MEKT (50.41%). Negative on all three (mu=44.37%, beta=45.58%, concatenated=46.47%, best shown here) -- unlike the time-window finding, restricting frequency content throws away useful signal rather than removing noise; the existing broadband pipeline already captures whatever is useful across this range"
FgMDM + MEKT soft-vote ensemble at corrected window (tmin=0.3/tmax=2.5),0.5058,0.1434,,,,"Re-ran the earlier failed FgMDM+MEKT ensemble idea with the corrected time window. Small +0.17pp nudge over MEKT alone (50.41%->50.58%) but does not approach the multi-window ensemble (51.16%) -- the window fix helped both components similarly, it did not change the earlier finding that FgMDM and MEKT's errors are too correlated for ensembling to add much"
"Multi-seed MEKT ensemble (bootstrap-resampled source trials, 5 seeds, tmin=0.3/tmax=2.5)",0.5039,0.1446,,,,"Genuine randomized variant (bootstrap-resampling source trials per seed, since MEKT-lite is otherwise fully deterministic -- changing config.SEED alone would be a no-op). Essentially identical to the single-seed result (50.39% vs 50.41%) -- bootstrap resampling did not introduce enough prediction diversity to help, unlike using different TIME WINDOWS, which apparently captures genuinely different information from the same underlying signal"
"Expanded 6-window MEKT ensemble (added 2 more diverse windows: 0.1/2.3, 0.7/3.2)",0.5093,0.1501,0.3457,,,"Tested whether widening the window ensemble beyond the original 4 (adding windows further from the known optimum, to increase diversity) helps. Negative -- the 2 added windows are individually weaker (48.28%, 48.40% vs 49.1-50.4% for the original 4), and dilute the ensemble rather than adding useful complementary signal. Does not beat the 4-window ensemble (51.16%)"
7-way ensemble (6 MEKT windows + FgMDM at best window),0.5100,0.1514,0.3467,,,"Adding FgMDM as a 7th member on top of the (already-worse) 6-window ensemble gives a marginal +0.07pp nudge (50.93%->51.00%) but still does not recover past the original 4-window MEKT ensemble (51.16%). Confirms 51.16% is a genuine local optimum for this window-ensembling approach, not an artifact of a lucky configuration -- the original 4 windows happened to be well-chosen (all individually strong), and further expansion just adds weaker, diluting members"
MEKT confidence-thresholded pseudo-labeling (single window tmin=0.3/tmax=2.5),0.5052,0.1392,0.3403,,,"Algorithmic change to MEKT itself: only target pseudo-labels above a confidence threshold contribute to the per-class MMD adaptation term each iteration (marginal term still uses all trials). Threshold sweep (0.4-0.7) shows only the mildest threshold (0.4) helps at all (+0.11pp over baseline, 50.41%->50.52%); anything stricter hurts progressively (down to 48.59% at 0.7) by starving the per-class terms of samples. A real but tiny effect, not a breakthrough"
Multi-window MEKT ensemble + confidence-threshold=0.4 (combined),0.5100,0.1469,0.3467,0.1958,,"Tested whether the two small wins (multi-window ensembling, confidence thresholding) compound additively. They do not -- 51.00% vs the pure multi-window ensemble's 51.16%, i.e. slightly WORSE despite confidence=0.4 helping 3 of the 4 individual windows. Small per-component gains do not reliably combine; the error-correlation structure between ensemble members matters more than any single component's own accuracy"
MEKT with 'corr' covariance estimator instead of Ledoit-Wolf (single window tmin=0.3/tmax=2.5),0.5122,0.1402,0.3495,,,"Swapped Covariances(estimator='lwf') for Covariances(estimator='corr') -- untested all project. Beats the lwf baseline at this window (50.41% -> 51.22%), a bigger single-change gain than anything else tried since the window fix. Riemannian Alignment (RA) instead of EA, tested at the same time, came back flat (50.44% vs 50.41% for EA) and was not pursued further"
"Multi-window MEKT ensemble with 'corr' estimator (4 windows, soft-vote)",0.5226,0.1524,0.3634,0.2032,,"Same 4-window ensemble as the lwf-based best result, but using the corr covariance estimator throughout. 52.26% -- crosses 52% on its own, beating the lwf multi-window ensemble (51.16%) by 1.1pp from the estimator swap alone"
"8-member ensemble: 4 windows x {lwf,corr} covariance estimators -- PROJECT BEST",0.5239,0.1492,,,,"Combines every MEKT fit from both the lwf and corr multi-window ensembles (8 total: 4 windows x 2 estimators), soft-voted. 52.39% +/- 14.92% -- the best result in the entire project. Subject 3 hit a new record 77.60%, subject 8 hit 69.10%. The corr estimator turned out to be a genuinely complementary signal source (not just a stronger single method, but one whose errors combine well with lwf's), unlike most combination attempts earlier tonight which failed to compound"
Accuracy-weighted 8-member ensemble (weight = each member's own mean LOSO accuracy),0.5239,0.1490,,,,Diagnostic found real per-subject variance across the 8 members (subject 7 ranges 38-48% depending on member) -- tested whether weighting by each member's overall accuracy exploits this. It does not meaningfully differ from equal-weight (both ~52.39%) since all 8 members are similar enough in overall strength that accuracy-based weights are nearly uniform anyway
8-member LEARNED stacked ensemble (logistic-regression meta-classifier via leak-free inner-CV),0.5135,0.1449,,,,"Attempted to let a meta-classifier learn per-subject-adaptive combination weights (not a single global blend) from the 8 members' probability vectors, via 8-subject inner LOSO. Underperforms equal-weight (51.35% vs 52.39%) -- with only 8 source subjects' worth of meta-training data for 32 meta-features (8 members x 4 classes), the meta-classifier likely overfits noise rather than learning a real subject-adaptive pattern"
"12-member ensemble (add OAS as a 3rd covariance estimator, 4 windows x 3 estimators)",0.5216,0.1458,0.3621,,,"OAS alone (4-window ensemble) gives 51.16%, weaker than corr (52.26%) and roughly tied with lwf (51.16%). Adding it as a 3rd estimator to the 8-member lwf+corr ensemble dilutes rather than helps (52.16% vs 52.39%) -- confirms corr is a genuinely special complementary estimator, not evidence that 'any additional estimator helps'"
"MEKT balanced pseudo-label assignment (quota-constrained, exploiting BCI-IV 2a's known exactly-balanced class design)",0.5085,,,,,"Diagnostic found real pseudo-label class-imbalance for several weak subjects (e.g. subject 5's left_hand class collapsing to 12% predicted vs the true/known 25%). Enforcing balanced quota assignment (using only n_trials/n_classes as a prior, not any true labels, so still zero-shot-legal) does NOT recover this -- slightly WORSE than free argmax for both lwf (50.00% vs 50.41%) and corr (50.85% vs 51.22%). The imbalance appears to be a symptom of genuine class inseparability for these subjects, not a separately-fixable labeling bug"
"Riemannian Procrustes Analysis (RPA), tangent-space Procrustes rotation approximation",0.4248,,0.2330,0.1976,,"Genuinely different mechanism from MEKT: instead of a learned linear projection minimizing marginal+conditional MMD, RPA aligns target class centroids to source class centroids via an explicit orthogonal rotation (Rodrigues et al. 2018; implemented here as tangent-space Procrustes rotation, not full SPD-manifold rotation, for tractability). Substantially underperforms MEKT even with the best window+estimator (42.48% vs 51.22%) -- a rigid rotation is a far more constrained transform than MEKT's regularized k-dim projection, and can't reshape/reweight feature dimensions the way MEKT can. Tested as a check on whether a structurally different approach could beat the MEKT-ensemble family; it did not"
MEKT with source-subject Fisher-discriminability weighting (single window tmin=0.3/tmax=2.5),0.5054,,0.3405,,,"Each source subject's contribution to MEKT's M0/Mc MMD matrices is softmax-weighted by that subject's OWN Fisher ratio (tr(between-class scatter)/tr(within-class scatter) in tangent space, computed from its own known labels -- no target information used, so zero-shot-legal). Genuinely different from subject-similarity weighting (which used target-dependent geometric distance); this uses target-independent intrinsic source quality. Weights are diagnostically sound (subjects 8/9/3 -- the strong ones -- get the highest weight, 0.19-0.39; weak subjects 2/5/6 get ~0.03), but the accuracy effect is marginal and inconsistent: +0.13pp for lwf (50.41%->50.54%), -0.10pp for corr (51.22%->51.12%)"
"8-member Fisher-weighted ensemble (lwf+corr, 4 windows) -- MARGINAL NEW BEST",0.5247,0.1571,0.3663,,,"Fisher-weighted version of the 8-member ensemble. 52.47% vs the unweighted ensemble's 52.39% -- technically higher, but the 0.08pp difference is well within noise (std ~15-16pp) and should not be read as a real improvement. Subject 3 hit a new record 80.03%, but subjects 2/5/6/7 (the ones this weighting specifically targeted) barely moved. Diagnostically correct weighting does not reliably translate to ensemble-level accuracy gain, consistent with the broader pattern this session: most well-motivated refinements to the MEKT-ensemble family plateau around 51-52.5%"
"Bootstrap 95% CI on headline 8-member ensemble (over 9 LOSO folds, 100k resamples)",0.5239,,,,,"Nonparametric bootstrap over the 9 per-fold accuracies of the unweighted 8-member lwf+corr ensemble. 95% CI = [42.79%, 62.33%], standard error ~4.99%. Reported alongside the point estimate to make explicit that with only 9 target subjects, the headline result carries substantial uncertainty despite being reached through a methodologically sound sequence of preprocessing improvements"
"Multi-seed stability of 8-member ensemble (bootstrap-resampled source trials, seeds 42/0/123/21)",0.5198,0.0027,,,,"MEKT-lite has no intrinsic randomness (LDA lsqr solver + eigh are deterministic), so plain seed changes are a no-op; genuine multi-seed variation requires bootstrap-resampling the source trial pool. Per-seed means: 42=52.39% (headline, no resampling), 0=51.83%, 123=52.04%, 21=51.66%. Mean across seeds 51.98% +/- 0.27% (range 51.66-52.39%) -- an order of magnitude tighter than the ~15pp between-subject std, confirming the headline result is a representative outcome, not an artifact of one particular draw of source trials"
"Multi-seed stability, EA+CSP+LDA (bootstrap-resampled source trials, seeds 42/0/123/21)",0.4509,0.0044,,,,"Same bootstrap-resampling multi-seed protocol extended to every classical baseline for reviewer-facing robustness. Per-seed: 42=45.18%, 0=45.43%, 123=44.35%, 21=45.41%. Mean 45.09% +/- 0.44%"
"Multi-seed stability, EA+CSP+SVM (bootstrap-resampled source trials, seeds 42/0/123/21)",0.4367,0.0060,,,,"Per-seed: 42=44.62%, 0=43.67%, 123=42.98%, 21=43.40%. Mean 43.67% +/- 0.60%"
"Multi-seed stability, EA+FBCSP+SVM (bootstrap-resampled source trials, seeds 42/0/123/21)",0.3934,0.0015,,,,"Per-seed: 42=39.47%, 0=39.24%, 123=39.51%, 21=39.16%. Mean 39.34% +/- 0.15% -- tightest of any method tested, classical FBCSP+SVM is extremely resampling-stable"
"Multi-seed stability, EA+MDM (bootstrap-resampled source trials, seeds 42/0/123/21)",0.4310,0.0104,,,,"Per-seed: 42=43.81%, 0=42.63%, 123=44.33%, 21=41.65%. Mean 43.10% +/- 1.04%"
"Multi-seed stability, EA+FgMDM (bootstrap-resampled source trials, seeds 42/0/123/21)",0.4616,0.0091,,,,"Per-seed: 42=47.45%, 0=45.10%, 123=46.55%, 21=45.54%. Mean 46.16% +/- 0.91%"
"Multi-seed stability, Band-ensemble TS+LR+EA (bootstrap-resampled source trials, seeds 42/0/123/21)",0.4406,0.0090,,,,"Per-seed mean 44.06% +/- 0.90% (range 42.86-45.37%). All six classical baselines now have genuine multi-seed robustness checks, addressing the same reviewer concern raised for the headline ensemble"
"PhysionetMI internal zero-shot LOSO -- FgMDM + EA, FULL 109-subject population, seed=42",0.4945,0.1346,0.2419,0.2018,,"Extends the earlier 30-subject PhysioNet cross-dataset test to the FULL 109-subject population. Unlike the 30-subject sample (46.13%, -1.3pp vs BCI-IV 2a's 47.45%), the full population clearly EXCEEDS BCI-IV 2a (49.45%, +2.0pp) -- supports the population-size/BCI-illiteracy-averaging-out hypothesis once the subject pool is large enough. Only 6/109 (5.5%) subjects below 30% accuracy"
"PhysionetMI internal zero-shot LOSO -- MEKT-lite k=50/lam=1/20iter, FULL 109-subject population, seed=42",0.5095,0.1434,0.2643,0.2151,,"Extends the 30-subject PhysioNet test (49.55%, +1.1pp vs BCI-IV 2a) to the full 109-subject population: 50.95% (+2.5pp vs BCI-IV 2a's 48.48% tuned MEKT). Only 2/109 (1.8%) subjects below 30% accuracy -- LOWER illiteracy rate than BCI-IV 2a's 1/9 (11%) or the 30-subject sample's 7-10%. The full-population test supports the cross-dataset generalization hypothesis much more convincingly than the 30-subject sample did"
Filter-bank corr-MEKT ensemble (mu+beta+broadband soft-vote),0.5133,0.1253,,,,"Sub-bands individually weaker (mu 42.82%, beta 45.76%) than broadband (51.22%); soft-vote ensemble 51.33% does not beat the 8-member window x estimator ensemble (52.39%). Negative/marginal result."
FBCSP + MEKT tangent adaptation,0.4255,0.115,,,,CSP-per-band features concatenated then MEKT JDA-adapted. Worst result in the filter-bank sweep -- FBCSP features do not compose with MEKT tangent-space adaptation.
8-member ensemble + label-free confidence-weighted fusion,0.5253,0.1495,,,,"Per-trial max-softmax-confidence weighting of each ensemble member vote, no target labels used. +0.14pp over equal-weight 8-member ensemble (52.39%). Small but genuine, zero-label-legal gain."
SimCLR-style (no-label) contrastive collapse recheck,,,,,,"Reused verified supcon_loss with per-instance IDs instead of class labels (pure NT-Xent, zero label information). Collapse persists (cosine sim 0.38->0.93 over 15 steps), nearly identical trajectory to the supervised version (0.38->0.97). Rules out label-leakage/shortcut as the cause of SupCon collapse; root cause remains unresolved after two independent interventions."
"Multi-seed DL retraining, seed=0 (MAE+GRL)",0.2652,0.0268,0.0203,0.0358,,"Genuine retraining (new weight init/shuffling/dropout), not bootstrap resampling. Seed 42 value: 27.47%. Within noise of seed 42."
"Multi-seed DL retraining, seed=0 (MAE+CLUB+SCIN+VIB)",0.273,0.0242,0.0306,0.0323,,Seed 42 value: 26.68%. Within noise of seed 42.
"Multi-seed DL retraining, seed=0 (Riemannian Transformer v1)",0.4128,0.1102,0.2171,0.1469,,Seed 42 value: 43.40%. Within noise of seed 42.
"Multi-seed DL retraining, seed=0 (Riemannian Transformer v2)",0.4101,0.1044,0.2135,0.1392,,Seed 42 value: 42.38%. Within noise of seed 42.
"Multi-seed DL retraining, seed=0 (SPDNet)",0.4554,0.1272,0.2739,0.1696,,Seed 42 value: 44.12%. Within noise of seed 42.
"Multi-seed DL retraining, seed=0 (MAE-only)",0.2679398148148149,0.015485055741041266,0.02391975308641974,0.020646740988055006,,"First attempt failed on transient physionet.org read-timeout during data download (confirmed via kernel traceback, not a code/model bug). Standalone retry succeeded: 26.79% +/- 1.55%, within noise of seed 42 (27.84%)."
"Multi-seed DL retraining, seed=123 (MAE-only)",0.2901234567901234,0.02133281836566243,0.05349794238683129,0.028443757820883257,,"Seed 42: 27.84%, seed 0: 26.79%, seed 123: 29.01%. All within a few points of each other, near chance throughout."
"Multi-seed DL retraining, seed=123 (MAE+GRL)",0.27719907407407407,0.03268523436676605,0.03626543209876543,0.043580312489021424,,"Seed 42: 27.47%, seed 0: 26.52%, seed 123: 27.72%."
"Multi-seed DL retraining, seed=123 (MAE+CLUB+SCIN+VIB)",0.2897376543209877,0.021860059511277875,0.05298353909465021,0.02914674601503713,,"Seed 42: 26.68%, seed 0: 27.30%, seed 123: 28.97%."
"Multi-seed DL retraining, seed=123 (Riemannian Transformer v1)",0.40412808641975306,0.0948007028383735,0.2055041152263374,0.12640093711783132,,"Seed 42: 43.40%, seed 0: 41.28%, seed 123: 40.41%."
"Multi-seed DL retraining, seed=123 (Riemannian Transformer v2)",0.4068287037037037,0.10363483059348298,0.20910493827160495,0.138179774124644,,"Seed 42: 42.38%, seed 0: 41.01%, seed 123: 40.68%."
"Multi-seed DL retraining, seed=123 (SPDNet)",0.4809027777777778,0.1261096154803355,0.30787037037037035,0.1681461539737807,,"Seed 42: 44.12%, seed 0: 45.54%, seed 123: 48.09%. Widest spread of the six methods but still well below classical Riemannian baselines."
"Multi-seed DL retraining, seed=21 (MAE-only)",0.26929012345679015,0.018290048327366602,0.025720164609053513,0.02438673110315546,,Seeds 42/0/123/21: 27.84/26.79/29.01/26.93. Mean 27.64% +/- 0.89%.
"Multi-seed DL retraining, seed=21 (MAE+GRL)",0.263695987654321,0.024558380343888193,0.018261316872427998,0.03274450712518424,,Seeds 42/0/123/21: 27.47/26.52/27.72/26.37. Mean 27.02% +/- 0.58%.
"Multi-seed DL retraining, seed=21 (MAE+CLUB+SCIN+VIB)",0.2613811728395061,0.02254882592006552,0.015174897119341564,0.030065101226754008,,Seeds 42/0/123/21: 26.68/27.30/28.97/26.14. Mean 27.27% +/- 1.06%.
"Multi-seed DL retraining, seed=21 (Riemannian Transformer v1)",0.43094135802469136,0.11270253597851478,0.2412551440329218,0.15027004797135304,,Seeds 42/0/123/21: 43.40/41.28/40.41/43.09. Mean 42.05% +/- 1.24%.
"Multi-seed DL retraining, seed=21 (Riemannian Transformer v2)",0.4095293209876543,0.10199131748724062,0.21270576131687244,0.1359884233163208,,Seeds 42/0/123/21: 42.38/41.01/40.68/40.95. Mean 41.25% +/- 0.66%.
"Multi-seed DL retraining, seed=21 (SPDNet)",0.4537037037037038,0.11958040729274608,0.271604938271605,0.15944054305699476,,"Seeds 42/0/123/21: 44.12/45.54/48.09/45.37. Mean 45.78% +/- 1.44%, widest spread of the six DL methods but still well below classical Riemannian baselines. This completes the 4-seed multi-seed DL sweep requested in review (Task 5)."
"PhysionetMI internal zero-shot LOSO -- FULL winning pipeline (8-member window x estimator ensemble, MEKT k=50/lam=1/20iter), FULL 109-subject population",0.5195,0.1557,0.2791,0.2336,,"Replicates the exact winning BCI-IV 2a pipeline (not just the method family) on PhysioNet at full 109-subject scale. 51.95% vs BCI-IV 2a headline 52.39% (-0.44pp) -- strongest cross-dataset evidence in the study. Only 5/109 (4.6%) subjects below 30% accuracy."
