epoch,recon_loss,club_bound,vib_kl,val_recon_loss,lr
1,1.3047330343633665,0.00022751227357333765,60.44885907854353,1.2612744661285047,1.6349999999999998e-05
2,1.1287755535957509,-0.0007357704908327948,16.330695111052435,1.0482944243839236,3.119999999999999e-05
3,1.0262141622098766,0.0012484457259787653,2.1586541537951707,1.0025800707212382,4.604999999999999e-05
4,1.0077427580840606,0.00615022056981137,1.3958076722639845,0.9992810502162617,6.089999999999999e-05
5,1.0056548575709636,-0.0007830705857814703,1.1327841452189855,0.9992130283426912,7.575e-05
6,1.0050013746534074,-0.005829341429516785,0.9857663678047353,0.9992006703130079,9.059999999999999e-05
7,1.004577054116959,-0.003543609963323837,0.889213180183468,0.9992178888476358,0.00010544999999999999
8,1.0042837580343835,-0.00154457594219007,0.8203734625551037,0.9993164675343551,0.00012029999999999998
9,1.004011481328118,-0.004227666926563234,0.7679858866490816,0.9991794469855436,0.00013514999999999998
10,1.0038283193918098,0.0009589733037733494,0.7235300908411356,0.9991959455637526,0.00015
11,1.0036422641653764,-0.0013257184423002084,0.6881449065710369,0.9993486830614092,0.00014999559920873346
12,1.0034428189571638,0.0017156063165879787,0.6543738949567752,0.9992982492587293,0.00014998239735138628
13,1.0033549186878634,-0.0010293121624709968,0.6254078499356607,0.9992580823091052,0.00014996039597725493
14,1.0031648748799373,0.0003002890966888657,0.5981088437532124,0.9992520758406221,0.00014992959766829821
15,1.0029718248467696,-0.002194297044797051,0.5720167222775911,0.9992719123416143,0.00014989000603883424
16,1.002798284803118,-0.0001309186892401903,0.5506476491017449,0.9992753135042362,0.0001498416257351163
17,1.0026146039030606,0.0006568306370785361,0.5265954714968688,0.9993313081507678,0.00014978446243478749
18,1.0023610089954578,0.003330431486430921,0.5052352198084494,0.999358981879101,0.00014971852284621456
19,1.002134867180559,-0.0009066144326575717,0.48116871019951385,0.9993089666878011,0.0001496438147077006
20,1.0018283039107359,-0.000537936848805363,0.46048104045982646,0.9992472743762404,0.00014956034678657694
21,1.0014888110913729,0.0016911047741882783,0.4391864063148212,0.9992130118589672,0.00014946812887817415
22,1.001106790133885,0.0006897324009945518,0.41878961149911237,0.9991414788268217,0.00014936717180467267
23,1.0005785334379154,0.004246263575733156,0.3951810690245234,0.9988066130381402,0.0001492574874138327
24,0.999944806098938,-0.0008518211823657044,0.3745787663567335,0.9984077846339574,0.00014913908857760384
25,0.9992421762387556,1.4104341205797697e-05,0.34988950226539955,0.997754717537532,0.00014901198919061443
26,0.9984226123730939,0.001037414808918659,0.3230400632198592,0.9969532413312188,0.00014887620416854108
27,0.9976240925322798,-0.00033389356799591754,0.2964995344330494,0.9960427471014478,0.0001487317494463582
28,0.996004495405613,-0.00021760983574659303,0.2786949543576491,0.9916514001559509,0.00014857864197646788
29,0.9898130750297603,-0.0020700002971448398,0.260443127805129,0.9829202706129393,0.0001484168997267106
30,0.9780972053233842,0.0001361603127386337,0.2416027407897146,0.9648890965995227,0.00014824654167825647
31,0.9666762307174224,-0.0006817659937349477,0.1918643348871317,0.9594033728387955,0.0001480675878233778
32,0.9645653550786183,-0.0007352291193223538,0.16855207466541378,0.9576927307527022,0.00014788005916310288
33,0.9626293549860331,-0.00013432825418343222,0.15283776102657604,0.9567525537232119,0.0001476839777047515
34,0.9613926020780004,-0.0013666475625862752,0.1390460204697193,0.9576964318188207,0.00014747936645935218
35,0.9616436989683854,-0.0024496200389431833,0.12764070110213488,0.9566647085105583,0.0001472662494389417
36,0.9607200084772325,0.00230350350975094,0.11700444920618731,0.9552918787885039,0.00014704465165374739
37,0.9597859458815783,-0.0008146422249930245,0.11066245875860516,0.9553476488677987,0.0001468145991092518
38,0.9594406839600182,0.00110257299322831,0.10456086118194394,0.9541008802117108,0.00014657611880314109
39,0.9586758998999918,-0.0003778773142879171,0.09820417891767688,0.953430484334001,0.00014632923872213652
40,0.9584198110085681,0.004222453984999119,0.09226567146921516,0.9520611352474281,0.00014607398783871017
41,0.9570668554843816,0.0004001739329861519,0.08841339325098167,0.9517862292870362,0.00014581039610768497
42,0.9562763571739197,0.0003446923162704124,0.08272576348898106,0.9501240526088028,0.00014553849446271927
43,0.9558427159051249,-0.0008924097046816259,0.07744214577334267,0.9498788980154084,0.00014525831481267663
44,0.9554962542720307,0.0010667134048347186,0.07540627546552428,0.9495721981477787,0.00014496989003788126
45,0.9546282744049129,-0.0004551105929496593,0.07387478341509525,0.9491166202302486,0.0001446732539862593
46,0.9548723088171249,0.0008843715925862018,0.07130881090809528,0.9492699755855163,0.00014436844146936662
47,0.9548406659212327,-0.0013157909077809269,0.06848302612403281,0.9496454168444051,0.00014405548825830353
48,0.954600877779767,-0.00017324605382474742,0.06447121727847516,0.947804267599505,0.0001437344310795169
49,0.9539621046611241,0.0004498080203407689,0.06490443411626313,0.9482316576594685,0.0001434053076104902
50,0.9542479559891206,-0.0015874733602193962,0.061439987944256994,0.9487882989187472,0.00014306815647532173
51,0.9537249395721837,0.00029025400491585406,0.05805394969376406,0.9495795616090736,0.00014272301724019208
52,0.9537770161055085,0.0007928403696619478,0.05892937456754813,0.9473961440672007,0.0001423699304087208
53,0.9529422857707605,0.001033718424632137,0.056775757552761784,0.9470774718764954,0.00014200893741721297
54,0.9526487942925073,-0.000522839395623458,0.05441931901233537,0.9468513456428841,0.0001416400806297968
55,0.9518179745602429,-0.0016314535212696047,0.05557732900282494,0.9466323578646005,0.00014126340333345166
56,0.9526349180623105,-6.974012331855028e-05,0.055191977999936366,0.9484610613337576,0.0001408789497329284
57,0.9518541967062125,0.0023172421562940556,0.05535332334781051,0.9462033958339792,0.00014048676494556164
58,0.9513739127861826,-8.755877501982496e-05,0.054697243482770774,0.9454686956952172,0.00014008689499597502
59,0.950649224725881,-1.6800443032630403e-05,0.052227161404557694,0.9442235434468988,0.0001396793868106801
60,0.9497769891767573,0.000652449471609933,0.050278168115624806,0.9433435109511535,0.00013926428821256913
61,0.9500856412980789,-0.0012387512321758987,0.05037304534947962,0.9432801057738335,0.00013884164791530312
62,0.9487272890886866,0.0012611374819189087,0.045489718143204995,0.9425174134512179,0.00013841151551759483
63,0.9490357113063783,0.0011618334547917645,0.04544937495786445,0.94286667749082,0.00013797394149738825
64,0.9485284712977875,0.00154543640021991,0.04388653103234176,0.9422687878117326,0.0001375289772059347
65,0.9480229078378892,2.476326505044349e-05,0.04259845328734333,0.942628865863748,0.00013707667486176673
66,0.9473744469477718,-0.0004122741240307801,0.04147835294330927,0.942451636685934,0.0001366170875445698
67,0.9472234186373258,-0.00017455108183667175,0.0416199624874538,0.942396283964504,0.0001361502691889533
68,0.9472834405146147,-0.0009152548653738839,0.04014360355703454,0.9421382663001774,0.000135676274578121
69,0.9468709450019034,0.0005809310683630463,0.03968565686976999,0.9415371411104935,0.0001351951593374421
70,0.9468754229689003,0.0011988080533823573,0.04026108338756669,0.9405972107101064,0.00013470697992792324
71,0.9462513157299587,0.0028254788621027665,0.03734350078424117,0.9422802402394052,0.0001342117936395826
72,0.9460292852910838,0.0027639274310348625,0.03845223271869179,0.9421405356639818,0.00013370965858472663
73,0.9454332056798433,-0.00023935074196722273,0.03894691903116111,0.9408121180459151,0.00013320063369113042
74,0.9458246903311938,-2.3393702686281132e-05,0.03953027912884727,0.9398020196286913,0.00013268477869512213
75,0.9456515536272436,-0.0027722380215064028,0.03803826204704163,0.9399512895274238,0.00013216215413457269
76,0.9449358663164583,-0.0021863808309225212,0.036407176265142914,0.9378998317176988,0.0001316328213417915
77,0.9447591053812128,0.0019406232618747797,0.03662797290467678,0.9387779995470017,0.00013109684243632874
78,0.9445341829966781,-0.0006321462473474947,0.03759365080666721,0.9398694516607138,0.0001305542803176854
79,0.944415413347402,0.0021017332722369888,0.03653138324170184,0.9381193684729366,0.00013000519865793162
80,0.9431425234428922,-0.00029263460546507874,0.03584443999076248,0.9373707381458062,0.00012944966189423475
81,0.9430127614422849,0.0010088332613607995,0.03511223513492964,0.9362541304276444,0.00012888773522129712
82,0.9433604348871044,0.001144710339997944,0.03408495604263661,0.9362670742876271,0.00012831948458370525
83,0.9423296621867588,0.0009289970971587905,0.03348858430421442,0.9366132966100731,0.00012774497666819093
84,0.9416075855269468,7.142518696032072e-05,0.033675812913062875,0.9356666261841446,0.00012716427889580533
85,0.9415873970304217,0.0011925051983137777,0.03275038161896225,0.9356952626747789,0.00012657745941400668
86,0.9410375374600404,0.000533742115909892,0.03262585379127273,0.9346973289325284,0.00012598458708866302
87,0.9401152685172576,0.0016339918724576333,0.03125298586218877,0.9331534780663772,0.00012538573149597037
88,0.9402171485406116,-0.0015940988870491658,0.02989299399288077,0.9340754993706472,0.00012478096291428778
89,0.9403799073140424,-0.000202135932176633,0.03072396179843218,0.9353492610336729,0.00012417035231588965
90,0.9394443268166449,-0.0011641244242962142,0.02874733577657463,0.9314947287492321,0.000123553971358637
91,0.9390698653414733,0.0009022511933979235,0.02922289457200165,0.9332869782432772,0.00012293189237756814
92,0.9390528116907392,0.0008601461138044085,0.028492212785702003,0.9341448824363051,0.0001223041883764096
93,0.9386100432926551,-0.00038477173425201185,0.029690842627358615,0.9331923888684823,0.000121670933019009
94,0.9382794391840024,0.0004000807166995859,0.028371934940044145,0.9321766920646283,0.00012103220062069027
95,0.9383795046268549,-0.0022603300281037065,0.027573517558718084,0.9326931786587311,0.00012038806613953234
96,0.9382694448743548,0.0008453856733508576,0.026897302807721877,0.9314856157568602,0.00011973860516757253
97,0.938082592379778,0.0008358811973629141,0.026552153947321994,0.9320917643457808,0.00011908389392193546
98,0.9383885327138399,0.00010408673967633928,0.027438261147056307,0.9314411099526158,0.00011842400923588861
99,0.9379232642345858,-0.0013263207629210967,0.026086409121079554,0.933763143203988,0.00011775902854982569
100,0.93702028658157,-0.00044770706865124234,0.02537564212050205,0.9325136612517099,0.00011708902990217864
101,0.937437934086735,-0.001724185800193844,0.02528031481275881,0.9313620739429406,0.0001164140919202593
102,0.9370345701848654,-0.002819412632992393,0.025330745440004465,0.9298268788495149,0.00011573429381103243
103,0.9365585258132533,-0.0011768699588632224,0.02521912271815135,0.9311814551975198,0.00011504971535182018
104,0.9374044017684191,-0.0016474042619977678,0.02315184132273036,0.9312625464079383,0.00011436043688094
105,0.9361445796220822,-0.0012247974711253231,0.02332988753914833,0.9305516053950874,0.00011366653928827657
106,0.9359932981039348,1.274553456700834e-05,0.02391506521437401,0.9302091357835836,0.000112968104005789
107,0.9364166291136491,0.0008570699763477297,0.02446437274154864,0.9311777526271832,0.00011226521299795437
108,0.936447937237589,0.00020765361929298343,0.023905675606171888,0.9309480923583455,0.0001115579487521489
109,0.935188206963073,-0.001320154147040575,0.023176590190794235,0.930072155221905,0.00011084639426896768
110,0.9359932447734632,0.002101600618290722,0.022803468643722676,0.931418726246189,0.00011013063305248422
111,0.9354149457207299,-0.0006382411583921963,0.02248149306366318,0.9303038088931896,0.00010941074910045076
112,0.9363340112499725,-0.001384491310980087,0.02318844288811648,0.9301124363667581,0.00010868682689444088
113,0.9355743428818265,-0.001431189085307874,0.02176297041482495,0.9310405783347402,0.00010795895138993518
114,0.9350253236024899,0.0009864219149252527,0.023118678606430392,0.9294350040698528,0.00010722720800635133
115,0.9344839511957383,-0.0005747608672407337,0.02182867649690549,0.9308314111581235,0.0001064916826170198
116,0.9353010528966,-0.00017053561103075072,0.021986148481194238,0.9293931003123302,0.00010575246153910617
117,0.9349329767370582,-0.0012651493674830387,0.02124435589053577,0.929412499461891,0.00010500963152348146
118,0.9352075479980698,0.0004134321571292734,0.020411610757385876,0.9302773140958431,0.00010426327974454155
119,0.9345753797911164,-0.0006094480815686678,0.02079089799601781,0.9304771703500477,0.00010351349378997685
120,0.9355429316821852,-0.0009670795354628025,0.020945036377673757,0.9291188666121065,0.00010276036165049353
121,0.9352104654885772,0.0008479742179239603,0.020383688754269054,0.9290000273602242,0.00010200397170948738
122,0.9345621247040597,0.00016733757535317788,0.020569721194810438,0.9294111970596635,0.00010124441273267159
123,0.9341017124348117,-0.0020206530291335028,0.019869516162495864,0.9275900596825232,0.00010048177385765984
124,0.9343226995683254,0.00040453358700400904,0.020287492543570977,0.9285914305006041,9.971614458350549e-05
125,0.9332401559765178,-0.0003027987659425664,0.019823347309366204,0.9296222812996553,9.894761476019845e-05
126,0.9335785700862569,-0.0009789538562745975,0.020061338936587923,0.9279992818581695,9.817627457812101e-05
127,0.934401856329208,0.00018711376907233905,0.019695494464017395,0.9277062752018717,9.740221455746347e-05
128,0.9328536570520329,-0.0007843612728262306,0.019729106750031162,0.9280618250558053,9.662552553760125e-05
129,0.9335327305291828,-0.0004227537857858758,0.020120444084356603,0.9273081163627993,9.584629866643452e-05
130,0.933380591241937,-0.0015446440617840989,0.01966873077409608,0.9275201641172014,9.506462538969153e-05
131,0.932748814274494,-0.0007150262818300634,0.018747511102740925,0.9276141274238611,9.4280597440197e-05
132,0.9328269564119497,0.00025515807302374586,0.018036259912458576,0.9296709803627368,9.349430682710711e-05
133,0.9326519840642026,0.0007090317575555099,0.01763796785328173,0.9276829431485678,9.270584582511145e-05
134,0.9324589680908317,0.0008480710194523173,0.017587084379187205,0.9283279154202916,9.191530696360452e-05
135,0.9317832620520341,0.0009255122421379376,0.01681303323239536,0.9263134434521512,9.112278301582676e-05
136,0.9316207421453375,-0.0007495665012445665,0.017366235557579456,0.9275745271884305,9.032836698797733e-05
137,0.9318803732556508,0.0021168737483203857,0.017255146294496114,0.9284522100327268,8.953215210829934e-05
138,0.931296632254034,-0.00014040165377738782,0.016814643811238438,0.9273591384401332,8.873423181613915e-05
139,0.931249419549354,-0.0009627019552359904,0.01645315813138745,0.9268733461697897,8.79346997509809e-05
140,0.9313097027011383,0.00048813784032836,0.016378699213658508,0.9280483607990132,8.713364974145733e-05
141,0.9314888989118705,-0.0013219790351121947,0.016118029587643037,0.9276462629139737,8.633117579433872e-05
142,0.9311448972028001,-0.0010710443769182479,0.01637075648159909,0.9289528517567648,8.552737208350078e-05
143,0.9309638196364382,9.49873960107789e-05,0.016320437136897466,0.9261393910577496,8.472233293887285e-05
144,0.9309632648202709,0.0011079580263983935,0.016079699137437165,0.9267464149136148,8.391615283536794e-05
145,0.9305971923627352,0.0016267998774248855,0.015845450488640403,0.9258598970439281,8.310892638179558e-05
146,0.929977944470886,0.0014540629279344603,0.015798571694614294,0.9265824711159828,8.230074830975916e-05
147,0.9302335381507874,0.0008148143165989927,0.01533772012120799,0.9254035418216613,8.149171346253877e-05
148,0.9299191931136569,-0.0002399100396866189,0.015843614529734266,0.9294654994607598,8.068191678396074e-05
149,0.9299436413255849,0.0025194318670975534,0.01580563210707186,0.9270034721346433,7.987145330725575e-05
150,0.9289208085913407,-0.0010388309794261044,0.015534933068250356,0.9262791377512815,7.906041814390626e-05
151,0.9301934730737729,-0.0007585905548325158,0.015586634719730319,0.9266574985096006,7.824890647248461e-05
152,0.9295792270423775,-0.0009264479902453889,0.015254677763502849,0.9265774388794643,7.743701352748349e-05
153,0.9295230727446707,-0.000717181012146455,0.015347356354831754,0.9273453373638237,7.662483458813976e-05
154,0.9299359653229103,-0.0011078755658372004,0.014628785592328785,0.9254838259563587,7.581246496725294e-05
155,0.9287491691739935,0.0010618267202735844,0.01435458869498251,0.9271371726859381,7.499999999999995e-05
156,0.9283948088050785,0.0002601523148386102,0.014971424111242132,0.9266268456145165,7.418753503274697e-05
157,0.9286222018693623,-0.00028239156966818903,0.014236805001203726,0.9283107765465505,7.337516541186015e-05
158,0.9290064232689994,0.0013566626641983376,0.01405807571919789,0.9263309292362065,7.256298647251643e-05
159,0.9286424324924785,0.00021153643615263746,0.014060252899290027,0.924272335728887,7.175109352751529e-05
160,0.9283784242500936,0.0020837174322372093,0.01424123243169677,0.9267927995490226,7.093958185609364e-05
161,0.9275567078948918,-0.0008520757345328654,0.013534667502556528,0.92581096514041,7.012854669274415e-05
162,0.9289922835235309,-0.0005439457140470806,0.013820070864394643,0.9259831484810662,6.931808321603919e-05
163,0.9281719694460245,-0.0015937045104521558,0.013342276292579962,0.9274470050878956,6.850828653746115e-05
164,0.9275617962493036,-0.0006251120029535509,0.013330935913705289,0.9276374838580344,6.769925169024071e-05
165,0.9278103960187811,-0.00037503063230586234,0.01357889211827651,0.9272156927487828,6.689107361820431e-05
166,0.9274750262274778,-0.0005977996309897057,0.01305002962148055,0.9275943354226562,6.608384716463197e-05
167,0.9276003411837986,0.0016228632819383665,0.013047746928842892,0.9258869347386807,6.527766706112706e-05
168,0.9272298826310867,-0.0007829200056262483,0.012649797533351676,0.9245205653202646,6.447262791649913e-05
169,0.9269382330708038,0.001281996418658952,0.01285486228595999,0.9265576182981144,6.36688242056612e-05
170,0.9259230337644878,-0.0006304074050788593,0.012953868745020906,0.9272035527680574,6.286635025854259e-05
171,0.9273614910312165,-0.0004351945748006491,0.012894062703489362,0.9276410643359966,6.206530024901902e-05
172,0.9265159879411969,0.0005654966024527873,0.012670412519596573,0.9256685747207778,6.126576818386075e-05
173,0.9268843661573597,0.0012382242016326216,0.012601335280875963,0.9246445091364888,6.046784789170059e-05
174,0.9262506298552778,1.8277562650522793e-05,0.012123196476832368,0.9256194005754593,5.96716330120226e-05
175,0.9268809588331925,-0.0005830391905361548,0.012258381232675305,0.925568594666811,5.887721698417316e-05
176,0.9260130564969286,-0.0005512560220589315,0.011861459149005717,0.9263564355741916,5.808469303639537e-05
177,0.92637777911093,-0.001270229655100887,0.01213277458332311,0.9247855703286694,5.729415417488844e-05
178,0.9263208369563397,-0.0014170632326513306,0.011658340307386746,0.9261819952795307,5.650569317289281e-05
179,0.9254536911060935,0.0011621740527619096,0.011520492200060446,0.9241466267126467,5.57194025598029e-05
180,0.9260495919033997,-0.0007923025833932977,0.011265114986134651,0.9248040537854224,5.493537461030839e-05
181,0.9265081582212806,8.128818712736432e-05,0.011160837941543949,0.9259496045413453,5.415370133356539e-05
182,0.9261718719525445,0.0007182816813762923,0.011491295909579088,0.9253968519994011,5.337447446239866e-05
183,0.92513213345879,0.0012225387687969924,0.011080508652542318,0.9258502990038738,5.2597785442536455e-05
184,0.9252387634793618,0.00043895907868120006,0.011050660331222349,0.9251540182266075,5.1823725421878934e-05
185,0.9255570200152863,0.0017637776252918673,0.011083936633864292,0.9249314537309071,5.105238523980148e-05
186,0.9252646897072182,0.0005971291907747885,0.011000113491725205,0.9266849046751277,5.0283855416494454e-05
187,0.9251820799103356,0.0008216334464854764,0.010905214011164984,0.9260273253002628,4.951822614234007e-05
188,0.9238312464011343,-0.00020015329346620946,0.010869957800758513,0.925158188170063,4.875558726732833e-05
189,0.924848080577707,0.0014714621063461877,0.01060545549524906,0.9251360557307455,4.799602829051256e-05
190,0.9247680319879288,0.000290003037990484,0.010771971854164187,0.9278226225910127,4.723963834950639e-05
191,0.9243648536223218,-0.0010496799210856732,0.01049417454077113,0.9266806000414707,4.648650621002306e-05
192,0.9246699375317509,-0.00014931097962802515,0.010587850753638082,0.925265947915026,4.573672025545839e-05
193,0.924139280068247,3.997544596966048e-06,0.010443398182777534,0.9262268229864624,4.4990368476518484e-05
194,0.9240099169257888,-1.8750814566934915e-05,0.010046681571275667,0.9277762523710289,4.424753846089377e-05
195,0.923818106041815,0.0006260728477535391,0.010160352047392749,0.9266086545401693,4.3508317382980145e-05
196,0.9243166455648896,0.0005774282871332384,0.010289978782149186,0.9272318214773505,4.27727919936486e-05
197,0.9231497188259784,0.0005673214905244068,0.00993611003251228,0.9249932726474966,4.204104861006475e-05
198,0.923330189142012,-1.4154534590871711e-05,0.010100787484500193,0.9264008462993129,4.1313173105559044e-05
199,0.9236813573012674,-0.001106893209586466,0.01013162099105075,0.9269847402938658,4.0589250899549164e-05
200,0.9232947181041976,-6.120007737238604e-06,0.009853763295743698,0.9273446909260674,3.986936694751572e-05
201,0.9235670239405525,0.0007642516516205063,0.009651650996752699,0.9259225145750116,3.915360573103224e-05
202,0.9233308869196957,-9.578331968838112e-05,0.00959709972927445,0.9260309517195549,3.8442051247851044e-05
203,0.92337707738231,-0.0015599351180227178,0.009567699633202607,0.9272538726262114,3.773478700204557e-05
204,0.9230414664834962,-0.0011057387617297639,0.009336381093283793,0.9281517738548865,3.7031895994210926e-05
205,0.9234898318921713,-0.00114809839349044,0.009477897953326092,0.92592532169681,3.633346071172336e-05
206,0.9230459785102901,-0.00019091412537080004,0.009384669454530217,0.9264129521844264,3.563956311905994e-05
207,0.9227801615134218,0.0008584610501626381,0.008959984154741567,0.9252249821628807,3.4950284648179806e-05
208,0.9227755625445143,-0.0007993332425454506,0.008961479641721212,0.9260724775422635,3.426570618896752e-05
209,0.9224508955962676,0.0005769371090078712,0.008921639972779536,0.9266537998251609,3.358590807974062e-05
210,0.9231472566611785,0.000289934918396455,0.008848442443947595,0.9260805757514561,3.2910970097821316e-05
211,0.9229569170708046,-0.000690564177090064,0.008896699056197378,0.928286861546032,3.2240971450174226e-05
212,0.9223409944907167,0.0011746184270184739,0.008706917916249512,0.9254418483041188,3.157599076411135e-05
213,0.9220618453240932,-0.00021842368563315025,0.008645526098465561,0.9253649998663853,3.091610607806451e-05
214,0.9214599970588111,-0.0005360366706561326,0.008607493440403525,0.9265989743321977,3.026139483242741e-05
215,0.9225217296664876,-0.0014489503731404927,0.008385319598859414,0.9273491128260656,2.961193386046762e-05
216,0.9223975776729727,-0.00023749358671948425,0.008431096043073594,0.9261267125669213,2.896779937930968e-05
217,0.9214873461795032,0.0018890459734694403,0.008341631207867224,0.9254741426145993,2.832906698099097e-05
218,0.9210051060619211,-0.0001538068728339403,0.008297986368459642,0.9247566953567802,2.7695811623590338e-05
219,0.9223273602643407,-0.00024351320768657483,0.008298619734333422,0.925900090881452,2.706810762243181e-05
220,0.9210474137076758,0.0011492349151381873,0.008199292336611595,0.925899180390732,2.644602864136292e-05
221,0.9208092447510339,0.000312794420055877,0.008080508847041685,0.9281600745067737,2.5829647684110286e-05
222,0.922552147754153,0.00021804723524509515,0.008051895722046606,0.9258283269518182,2.521903708571217e-05
223,0.9207258063151424,-0.0009867947800715168,0.007909130221022699,0.9263152243837824,2.461426850402954e-05
224,0.9215580068136516,-0.000640915748768283,0.008128701859763018,0.9251131040566101,2.40154129113369e-05
225,0.9212313316818467,-0.0005160166804951833,0.007857467615066614,0.9270383689932518,2.342254058599326e-05
226,0.9205036844526019,0.0002040863037109375,0.00781999342493657,0.9258420670446161,2.2835721104194607e-05
227,0.9208903559168479,0.00024477162755521614,0.007780072335293866,0.9260797365857474,2.2255023331809015e-05
228,0.9203044023728908,-0.0011857290913287858,0.00782097618032555,0.9265381685065421,2.1680515416294702e-05
229,0.9199977593314379,0.000247801156868612,0.0076030035384167406,0.9273379824264317,2.1112264778702812e-05
230,0.920661287200182,-0.002540416287300282,0.007571895683842494,0.9262543135135582,2.0550338105765175e-05
231,0.9219129618845487,-0.0005560960984767828,0.007466100695493974,0.9264829981715647,1.9994801342068296e-05
232,0.9206337727102122,-0.0013036405233512248,0.007534277093197618,0.925923783759088,1.944571968231456e-05
233,0.9198544921731591,0.0018548893749265744,0.007356958271221335,0.9266046761338267,1.890315756367119e-05
234,0.9203177515725444,0.0008364189836315642,0.007238274937341536,0.9271165707259273,1.8367178658208445e-05
235,0.9203166858594221,-1.1074811892401903e-05,0.007236922937060209,0.9254948589578663,1.783784586542726e-05
236,0.9202619257726168,0.000801183227309607,0.007245299535894529,0.9282252406221584,1.7315221304877818e-05
237,0.9191781340685106,0.0020389270065422345,0.007218160232374991,0.9272764565816813,1.679936630886953e-05
238,0.9209445728395218,0.001220885972331341,0.007192275259307677,0.9270051584885575,1.629034141527332e-05
239,0.9201494952789823,0.0009220739952603678,0.007186627558159425,0.9267337727747255,1.5788206360417363e-05
240,0.9198254427515474,-0.0014807299563759251,0.007155419351827157,0.9270226267234009,1.5293020072076706e-05
241,0.9190255762042856,0.0004321973126633723,0.00707780487863417,0.9271173327377793,1.4804840662557825e-05
242,0.9194838996220353,-0.001007442187545891,0.007108099215937064,0.9278348686817943,1.4323725421878939e-05
243,0.9201797323119372,-0.0001953920923677602,0.007016327487710947,0.9272416697190262,1.3849730811046643e-05
244,0.9191311266189232,-0.0006743194465350388,0.006943705526733757,0.9281917506462642,1.3382912455430142e-05
245,0.9193493889686757,-0.0008739313684908071,0.006845468308608559,0.9268370802219483,1.2923325138233206e-05
246,0.9200134743425182,-0.0002463563044268386,0.006928965270771344,0.9266272128944517,1.2471022794065224e-05
247,0.9194973599641842,-0.0009088946464366483,0.006806784347960151,0.9285058605432761,1.2026058502611719e-05
248,0.9190625557325837,0.0006457594104279252,0.0067088849303361614,0.9264740900035662,1.1588484482405112e-05
249,0.9196766265352866,-0.0003926771924011689,0.006693679013086441,0.9260785898700999,1.1158352084696829e-05
250,0.9193297714219058,-0.0006225700665237312,0.006668903360745513,0.9263931358650279,1.0735711787430811e-05
251,0.9201237801322364,-0.00033695894972722335,0.006636202808021379,0.9271820986684565,1.0320613189319832e-05
252,0.9190102147876769,-0.0008563923656492305,0.006677014532646066,0.9275660995554598,9.913105004024886e-06
253,0.919479323060889,0.00028896331787109375,0.006693973594618247,0.9264585751213611,9.513235054438269e-06
254,0.9184361333237555,0.00011042186192103795,0.006544810831826881,0.9263917244069835,9.121050267071524e-06
255,0.92026224261836,-0.0005713082793959998,0.006537073074762982,0.926607058690048,8.736596666548281e-06
256,0.9186862895363256,-0.0008905095265323954,0.006532321267418172,0.9279161023542081,8.359919370203149e-06
257,0.9186342887412337,-0.000595347325604661,0.006465892937678592,0.9250364563066501,7.99106258278698e-06
258,0.9190597189100165,0.0022134458212027873,0.006358944019652847,0.9259612106499737,7.630069591279176e-06
259,0.9189493311078925,-0.00043744252140360667,0.006465563368528409,0.9277801801980357,7.276982759807873e-06
260,0.9178992568102098,-0.0012176807661701862,0.00641069143898505,0.9286763562138274,6.931843524678226e-06
261,0.9181934084211077,-3.113423971305216e-05,0.006393349253313434,0.9257023311939901,6.594692389509745e-06
262,0.9184490003083882,0.00039658510595336,0.006319752484700061,0.928144713681579,6.265568920483044e-06
263,0.917850929543488,0.0007530549415072104,0.006284933201128379,0.9254268180935415,5.944511741696425e-06
264,0.9185907737653058,-0.0004673004150390625,0.006277301726876793,0.9261563253578202,5.631558530633331e-06
265,0.9180711328535152,0.0007224011241941524,0.006288327493781882,0.9259998122725702,5.326746013740637e-06
266,0.9190691521293238,0.0012640020901099184,0.0062163091348694235,0.9274994589302191,5.030109962118667e-06
267,0.9180065429300294,0.001204960328295715,0.006275590078527094,0.9262686574872736,4.741685187323324e-06
268,0.9194834304035158,0.0008980349490517064,0.0062049694492348605,0.9290071426881976,4.461505537280697e-06
269,0.9179982112762624,-8.959519235711349e-05,0.0061303596887597464,0.9270030962054536,4.189603892315006e-06
270,0.9186242800906188,-0.0009551406802987694,0.006104656498655116,0.9282770292239987,3.92601216128982e-06
271,0.9189714816279877,0.0014235059121497592,0.006134995591959783,0.9272644017773096,3.670761277863481e-06
272,0.9180147692673188,0.00075126232061171,0.006077128809113475,0.9261079455650442,3.4238811968588875e-06
273,0.9183507543757445,0.00035526877955386515,0.006104049454898315,0.9284826384232499,3.18540089074816e-06
274,0.9180532389117363,0.0007988671611126204,0.006087991899173511,0.9241937300509584,2.955348346252598e-06
275,0.9182621021019785,-1.9094997778871004e-05,0.00607147751922222,0.9271369412870437,2.7337505610582794e-06
276,0.9188193669892791,0.0003482273646763393,0.006030960887306391,0.9266731725255523,2.520633540647813e-06
277,0.9180424899086916,-0.00027333524890412066,0.006011005305454023,0.9276194898362666,2.316022295248472e-06
278,0.9186099480865593,-0.00033160976897504994,0.005990285787003157,0.9272229134973793,2.1199408368970813e-06
279,0.9180372048141365,-0.0011928601372510866,0.0059763638414722636,0.9251724949770546,1.932412176622182e-06
280,0.917810637251775,-0.0018829761591172755,0.005973309267984521,0.9268907585605336,1.7534583217434994e-06
281,0.9179661583183403,-3.338218631600975e-05,0.0059451109946782425,0.9275922226855682,1.5831002732893579e-06
282,0.9184411687958509,0.0005509476912649054,0.005951151034717721,0.9263589504389357,1.4213580235320618e-06
283,0.9187702500730529,0.002426595616161375,0.005922083459318357,0.9262244225676504,1.2682505536417468e-06
284,0.9195125685598617,-0.0005860866460585056,0.0058899614819906704,0.9276944051029554,1.12379583145887e-06
285,0.9187478965386412,0.0007586228220086349,0.005869805700796887,0.9248954685077808,9.880108093855387e-07
286,0.9187090867444089,-0.0007876059166470865,0.0059101685349430355,0.9268272630047723,8.609114223961427e-07
287,0.9182244409295849,-0.000877340933434049,0.0058738176913973985,0.9287004389346711,7.425125861672594e-07
288,0.9168910146655893,-0.0014709530020118656,0.005901749813018885,0.9266628968978906,6.328281953272947e-07
289,0.9182362655051669,-0.00044941364374375884,0.005869592448934577,0.9277397980825383,5.318711218258217e-07
290,0.919225675719125,7.041773401704945e-05,0.005877077484965548,0.925856059281984,4.3965321342302986e-07
291,0.9189967737162024,-0.0013932070337740103,0.005852891559383475,0.926638564852886,3.561852922993544e-07
292,0.9177222838975433,-0.0013642131834101857,0.005845536806977781,0.9282839696239347,2.814771537854086e-07
293,0.9181015388409894,-0.0010392361117484874,0.005842309042503287,0.9263378105329039,2.1553756521248673e-07
294,0.9180280772366918,0.000434814539170803,0.005825333076676256,0.9269063655134255,1.5837426488367045e-07
295,0.9175493224222857,0.0006761658460574042,0.005838366796059492,0.9268322353232672,1.099939611657135e-07
296,0.9183021358081273,0.0005457598463933271,0.005848428780647149,0.9241970708568265,7.040233170174653e-08
297,0.9177065464787018,3.39594102443609e-05,0.005839971618908912,0.9259589120165909,3.9604022745035015e-08
298,0.9179451743462929,-0.0009507523443465843,0.005847931468397155,0.9268292673754768,1.7602648613690414e-08
299,0.9183434481011298,0.0005913712924584411,0.005851663379488807,0.9256576292146268,4.400791266517819e-09
300,0.917875459767822,-0.001186912221119816,0.005835595873317548,0.927557512914094,0.0
1,1.32296549815398,0.005600067285391001,64.7489386338454,1.301270362259685,1.6349999999999998e-05
2,1.208392320535122,-0.015563332117520846,38.59093238145877,1.1294429094895073,3.119999999999999e-05
