epoch,supcon_loss,val_supcon_loss,lr
1,6.429058378393,6.499865531921387,1.09e-05
2,5.882815014232289,5.244612216949463,2.08e-05
3,4.809269298206676,4.4522294998168945,3.07e-05
4,4.287780805067583,4.194920539855957,4.0600000000000004e-05
5,4.17325683073564,4.145859718322754,5.050000000000001e-05
1,5.492544260892001,5.499028205871582,1.09e-05
2,5.082924149253151,4.829958915710449,2.08e-05
3,4.513021685860374,4.322628021240234,3.07e-05
4,4.241330190138384,4.1717939376831055,4.0600000000000004e-05
5,4.168704206293279,4.147763729095459,5.050000000000001e-05
6,4.151206666773016,4.1488423347473145,6.0400000000000004e-05
7,4.1504668755964795,4.147014617919922,7.03e-05
8,4.147595795718106,4.142673015594482,8.02e-05
9,4.148197694258257,4.143364429473877,9.01e-05
10,4.147393573414195,4.141863822937012,0.0001
11,4.145934841849587,4.1386518478393555,9.990133642141359e-05
12,4.144744309512052,4.142940521240234,9.96057350657239e-05
13,4.145757718519731,4.145518779754639,9.911436253643444e-05
14,4.144910508936102,4.143640518188477,9.842915805643155e-05
15,4.144284465096214,4.143177032470703,9.755282581475769e-05
16,4.1438281319358135,4.143105506896973,9.648882429441257e-05
17,4.144628351384943,4.142764091491699,9.524135262330098e-05
18,4.144349965182218,4.14194393157959,9.381533400219317e-05
19,4.1438493728637695,4.14434814453125,9.221639627510075e-05
20,4.143757039850408,4.1418256759643555,9.045084971874735e-05
21,4.143607312982732,4.142980575561523,8.852566213878945e-05
22,4.14475865797563,4.142868995666504,8.644843137107056e-05
23,4.144383040341464,4.14382791519165,8.422735529643442e-05
24,4.144316283139315,4.143321514129639,8.187119948743447e-05
25,4.143766143105247,4.143157005310059,7.938926261462366e-05
26,4.1439574415033515,4.144576549530029,7.679133974894982e-05
27,4.143873344768178,4.14120626449585,7.408768370508575e-05
28,4.1434148441661485,4.142350196838379,7.128896457825361e-05
29,4.144071665677157,4.143589019775391,6.840622763423389e-05
30,4.14390720020641,4.142003536224365,6.545084971874736e-05
31,4.144336223602295,4.142825603485107,6.243449435824272e-05
32,4.144450837915594,4.14371395111084,5.9369065729286224e-05
33,4.143747243014249,4.1433515548706055,5.626666167821521e-05
34,4.143666830929843,4.143596649169922,5.3139525976465657e-05
35,4.143652655861595,4.142909526824951,4.999999999999998e-05
36,4.143569035963579,4.143011569976807,4.6860474023534314e-05
37,4.14403789693659,4.143049716949463,4.3733338321784775e-05
38,4.1434126767245205,4.143003940582275,4.063093427071375e-05
39,4.1436897191134365,4.1429009437561035,3.756550564175724e-05
40,4.143345052545721,4.14337682723999,3.454915028125263e-05
41,4.144148999994451,4.143322944641113,3.1593772365766105e-05
42,4.143561840057373,4.1432647705078125,2.8711035421746357e-05
43,4.14387152411721,4.142892360687256,2.591231629491422e-05
44,4.143166368657893,4.142300128936768,2.3208660251050148e-05
45,4.143794579939409,4.141840934753418,2.061073738537634e-05
46,4.143482381647283,4.143245220184326,1.8128800512565503e-05
47,4.143669561906294,4.1446990966796875,1.5772644703565555e-05
48,4.1436614556746045,4.143267631530762,1.3551568628929426e-05
49,4.14296631379561,4.1424994468688965,1.1474337861210536e-05
50,4.144068241119385,4.142756938934326,9.549150281252626e-06
51,4.143645546653054,4.142918586730957,7.783603724899252e-06
52,4.1433917392383925,4.142704010009766,6.184665997806817e-06
53,4.143814303658226,4.142617702484131,4.75864737669903e-06
54,4.143437168814919,4.141744136810303,3.5111757055874303e-06
55,4.143200527537953,4.143336772918701,2.4471741852423216e-06
56,4.143658551302823,4.142197132110596,1.5708419435684504e-06
57,4.143287658691406,4.143081188201904,8.856374635655631e-07
58,4.143598426472057,4.140462875366211,3.942649342761114e-07
59,4.143516757271507,4.143314838409424,9.866357858642197e-08
60,4.144418369640004,4.142974853515625,0.0
1,5.200837048617276,4.799552917480469,0.00010899999999999999
2,4.272998289628462,4.149288177490234,0.000208
3,4.144621458920565,4.143497467041016,0.0003069999999999999
4,4.143658594651655,4.14258337020874,0.00040599999999999995
5,4.143357450311834,4.143155097961426,0.000505
6,4.143144390799782,4.143504619598389,0.000604
7,4.143417618491433,4.142974376678467,0.0007030000000000001
8,4.1430698308077725,4.143075942993164,0.0008020000000000001
9,4.143359444358132,4.142824172973633,0.0009010000000000001
10,4.143237287347967,4.142684459686279,0.001
11,4.143146558241411,4.142464637756348,0.0009972609476841367
12,4.143080971457741,4.142716884613037,0.0009890738003669028
13,4.143226666883989,4.143275260925293,0.0009755282581475768
14,4.143255233764648,4.142862319946289,0.0009567727288213003
15,4.1428093476728955,4.142753601074219,0.0009330127018922195
16,4.142887028780851,4.142725944519043,0.0009045084971874739
17,4.143213575536555,4.14286994934082,0.0008715724127386972
18,4.143188996748491,4.143061637878418,0.0008345653031794292
19,4.1429950540716,4.143557548522949,0.0007938926261462366
20,4.1431404027071865,4.142545223236084,0.00075
21,4.142965967004949,4.142845153808594,0.0007033683215379003
22,4.143230091441762,4.142850875854492,0.0006545084971874739
23,4.14318188753995,4.143119812011719,0.0006039558454088797
24,4.14323785088279,4.143223762512207,0.0005522642316338269
25,4.143028909509832,4.143071174621582,0.0005000000000000002
26,4.143147945404053,4.14347505569458,0.0004477357683661734
27,4.143341064453125,4.142746448516846,0.00039604415459112036
28,4.143129565499046,4.1427741050720215,0.0003454915028125264
29,4.1433374231511895,4.143224716186523,0.0002966316784621
30,4.143289956179532,4.142517566680908,0.00025000000000000017
31,4.1432860547846015,4.142877101898193,0.00020610737385376354
32,4.14334960417314,4.143102645874023,0.00016543469682057108
33,4.143172914331609,4.143198013305664,0.00012842758726130298
34,4.143152713775635,4.142944812774658,9.549150281252637e-05
35,4.14327335357666,4.143142223358154,6.698729810778068e-05
36,4.143195108933882,4.143008232116699,4.322727117869953e-05
37,4.143221811814741,4.143296241760254,2.447174185242324e-05
38,4.143262039531361,4.142917633056641,1.092619963309716e-05
39,4.143256881020286,4.142902374267578,2.7390523158633003e-06
40,4.143073428760875,4.143093585968018,0.0
